sample_number,conversation_id,customer_tweet,agent_reply,suggested_intent,true_intent,is_customer,created_at
1,twcs_10278,@SpotifyCares Gapless playback is not working for continuous live concert albums on iOS 15 app version 8.9.22.,"@user_spot_140_352 Hey! Log out and log back in to refresh account settings. If on a Family plan, the plan manager might have set restrictions. -Sarah","App Stability, OS Freezes & Crash Reports","Billing, Subscriptions & Refund Inquiries",True,2017-11-02T16:47:00
2,twcs_10405,@SpotifyCares How do I change download storage location to my external micro SD card on Android?,"@user_spotify_405 Hi! Go to Settings > Storage > SD Card, and confirm to transfer all downloaded music files to external memory.","Billing, Subscriptions & Refund Inquiries",Offline Playlists & Download Storage Management,True,2017-11-08T15:00:00
3,twcs_10948,@SpotifyCares Xbox Series X game audio volume slider doesn't balance background Spotify music properly.,@user_spot_475_568 Hi there! Check our smart watch setup guide here: https://spoti.fi/wearables to ensure proper offline sync setup. -Ryan,Audio Streaming Quality & Playback Errors,Smart Speaker & External Device Connectivity,True,2017-11-05T23:00:00
4,twcs_10824,@SpotifyCares My Harman Kardon speakers can no longer find Spotify Connect after the firmware update.,@user_spot_413_795 Hi there! Check our smart watch setup guide here: https://spoti.fi/wearables to ensure proper offline sync setup. -Elena,Smart Speaker & External Device Connectivity,Smart Speaker & External Device Connectivity,True,2017-11-05T08:24:00
5,twcs_10736,@SpotifyCares Updating to Spotify version 8.8.84 causes constant crash on startup on iPad Air.,@user_spot_369_555 Hi there! Does this happen on both WiFi and cellular? Let us know your Spotify version and OS build in DM! -Maya,Family & Student Plan Eligibility & Verification,"App Stability, OS Freezes & Crash Reports",True,2017-11-04T22:13:00
6,twcs_10392,@SpotifyCares Streaming quality sounds muffled and low bitrate even though 'Very High Quality' is selected.,@user_spot_197_561 Hey! Check your streaming quality under Settings > Audio Quality. Toggle 'Download using cellular' if streaming offline tracks. -Ryan,Family & Student Plan Eligibility & Verification,Offline Playlists & Download Storage Management,True,2017-11-03T06:00:00
7,twcs_10240,@SpotifyCares My subscription price jumped from $9.99 to $14.99 without advance notification on my billing statement.,@user_spot_121_141 Hey! We'd be glad to look into this charge. Send us a DM with your account email and we'll sort out the refund: https://spoti.fi/dm -Carlos,Family & Student Plan Eligibility & Verification,"Billing, Subscriptions & Refund Inquiries",True,2017-11-02T12:21:00
8,twcs_12054,@SpotifyCares My Daily Mix playlists haven't refreshed for over a week. Same songs on repeat.,@user_spot_1028_292 Hey! Great suggestion. You can submit and vote on feature ideas directly on our Spotify Community Idea Board: https://spoti.fi/ideas -Kevin,Family & Student Plan Eligibility & Verification,Product Feature Requests & UI Enhancements,True,2017-11-11T07:58:00
9,twcs_10178,"@SpotifyCares If I downgrade from Premium to Free tier mid-cycle, do I get a prorated refund credit for unused days?",@user_spot_90_789 Hello! We'd be happy to investigate this. Send us a private DM with your registered email and we'll check your billing status: https://spoti.fi/dm -Emma,"Billing, Subscriptions & Refund Inquiries","Billing, Subscriptions & Refund Inquiries",True,2017-11-02T05:08:00
10,twcs_11550,@SpotifyCares Spotify says 'Storage is full' error even though my SD card has 32GB of free space.,"@user_spot_776_309 Hi! Check Settings > Storage > Storage location, and select your SD Card. Ensure app permissions allow storage access. -Emma","Billing, Subscriptions & Refund Inquiries",Offline Playlists & Download Storage Management,True,2017-11-08T21:13:00
11,twcs_10515,@SpotifyCares Garmin smartwatch won't sync Spotify offline playlists via WiFi connection.,@user_spotify_511 Hello! Plug your Garmin into its charger during sync and ensure Wi-Fi signal is strong near the router.,Family & Student Plan Eligibility & Verification,Offline Playlists & Download Storage Management,True,2017-11-16T16:50:00
12,twcs_10507,@SpotifyCares PS5 game audio volume slider doesn't balance background Spotify music properly.,@user_spotify_507 Hey! Press the PS button > Control Center > Music card to adjust the master Spotify volume mix slider directly.,Audio Streaming Quality & Playback Errors,Smart Speaker & External Device Connectivity,True,2017-11-12T16:40:00
13,twcs_10204,@SpotifyCares I updated my credit card details but my account is still showing payment past due and downgraded to Free.,"@user_spot_103_946 Hello! Premium features stay active until the end of your prepaid billing period, with no further charges after that. -Chloe","Billing, Subscriptions & Refund Inquiries","Billing, Subscriptions & Refund Inquiries",True,2017-11-02T08:02:00
14,twcs_10716,@SpotifyCares App crashes when attempting to view artist about biography page with high-res photos.,@user_spot_359_618 Hi there! Does this happen on both WiFi and cellular? Let us know your Spotify version and OS build in DM! -Carlos,"App Stability, OS Freezes & Crash Reports","App Stability, OS Freezes & Crash Reports",True,2017-11-04T19:55:00
15,twcs_10774,@SpotifyCares Spotify keeps crashing on macOS Sonoma upon launch. Crash log generated #CR-9921.,@user_spot_388_565 Hi! Let's do a clean reinstall to resolve crashing. Follow the step-by-step guide here: https://spoti.fi/reinstall -Daniel,Family & Student Plan Eligibility & Verification,"App Stability, OS Freezes & Crash Reports",True,2017-11-05T02:33:00
16,twcs_11890,@SpotifyCares Please add a native Sleep Timer feature to the Windows 11 desktop application.,"@user_spot_946_838 Hello! Go to the artist's profile, tap the three dots (···) and select 'Don't play this artist' to block them. -Ryan",Product Feature Requests & UI Enhancements,Product Feature Requests & UI Enhancements,True,2017-11-10T12:49:00
17,twcs_10411,@SpotifyCares What is the maximum download limit of songs allowed per device on Premium?,"@user_spotify_408 Hello! You can download up to 10,000 songs per device on up to 5 different authorized devices.",Family & Student Plan Eligibility & Verification,Offline Playlists & Download Storage Management,True,2017-11-11T09:30:00
18,twcs_12120,@SpotifyCares When is Spotify HiFi 24-bit lossless streaming audio going to be released?,"@user_spot_1061_205 Hello! Go to the artist's profile, tap the three dots (···) and select 'Don't play this artist' to block them. -Sarah",Audio Streaming Quality & Playback Errors,Audio Streaming Quality & Playback Errors,True,2017-11-11T15:37:00
19,twcs_10636,@SpotifyCares App hangs and becomes unresponsive when opening the Equalizer menu on iPad Air.,@user_spot_319_167 Hey! Try disabling hardware acceleration in the Spotify Desktop menu (File/Edit > Hardware Acceleration) and restart. -Carlos,"App Stability, OS Freezes & Crash Reports","App Stability, OS Freezes & Crash Reports",True,2017-11-04T10:32:00
20,twcs_11540,@SpotifyCares Offline songs taking up 60GB of storage even after deleting downloaded albums from library.,"@user_spot_771_719 Hi! Premium allows downloading up to 10,000 tracks per device on up to 5 different devices! -Ryan",Offline Playlists & Download Storage Management,Offline Playlists & Download Storage Management,True,2017-11-08T19:59:00
21,twcs_10724,@SpotifyCares Infinite loading spinner when trying to search for songs or artist profiles on Android 14.,"@user_spot_363_401 Hey! Send us a DM with your device model, OS version, and Spotify app version so our tech team can investigate: https://spoti.fi/dm -Zoe",Smart Speaker & External Device Connectivity,"App Stability, OS Freezes & Crash Reports",True,2017-11-04T20:50:00
22,twcs_11660,@SpotifyCares Spotify Kids app parental controls PIN code was forgotten. How do I reset parent PIN?,"@user_spot_831_764 Hey! As the plan owner, go to spotify.com/account > Family > Manage, click on the member, and select 'Remove'. -Emma",Smart Speaker & External Device Connectivity,"App Stability, OS Freezes & Crash Reports",True,2017-11-09T10:03:00
23,twcs_10960,@SpotifyCares Voice commands on Siri voice control only play 30-second previews instead of full songs on Premium.,@user_spot_481_753 Hi there! Check our smart watch setup guide here: https://spoti.fi/wearables to ensure proper offline sync setup. -Chloe,Family & Student Plan Eligibility & Verification,Offline Playlists & Download Storage Management,True,2017-11-06T00:15:00
24,twcs_10027,@SpotifyCares How do I invite members to my Spotify Duo plan?,"@user_spotify_14 Hi! Go to your Duo account page at spotify.com/duo, click 'Invite member', and share the link with your partner living at the same address.",Family & Student Plan Eligibility & Verification,Family & Student Plan Eligibility & Verification,True,2017-11-05T10:15:00
25,twcs_10474,@SpotifyCares Crossfade transition between songs causes a 2-second loud audio buzz artifact on Android 12.,@user_spot_238_771 Hi! Podcasts use dynamic audio leveling. You can adjust Equalizer presets under Playback settings to balance output. -Chloe,Audio Streaming Quality & Playback Errors,Audio Streaming Quality & Playback Errors,True,2017-11-03T15:34:00
26,twcs_11552,@SpotifyCares Songs downloaded on Premium won't play offline unless I reconnect to internet once every 30 days.,@user_spot_777_141 Hi! Make sure both devices are connected to the exact same WiFi network and Local Files are enabled in Settings. -Zoe,Offline Playlists & Download Storage Management,Offline Playlists & Download Storage Management,True,2017-11-08T21:28:00
27,twcs_11214,@SpotifyCares Can I merge two Spotify accounts (sam_music and emily_sound) into one without losing my playlists?,@user_spot_608_589 Hello! Temporary lockouts reset automatically after 30 minutes. You can also reset your password at spotify.com/password-reset. -Emma,Family & Student Plan Eligibility & Verification,"Account Login, Password & Security Access",True,2017-11-07T06:01:00
28,twcs_10458,@SpotifyCares Getting playback error code 'Spotify can't play this right now' on macOS Ventura.,@user_spot_230_822 Hey! Check your streaming quality under Settings > Audio Quality. Toggle 'Download using cellular' if streaming offline tracks. -Daniel,"App Stability, OS Freezes & Crash Reports",Offline Playlists & Download Storage Management,True,2017-11-03T13:44:00
29,twcs_10702,@SpotifyCares macOS Monterey app displays a blank completely black screen after login and won't load UI.,@user_spot_352_729 Hi! Disable 'Canvas' looping visuals under Settings > Playback to reduce background battery and CPU consumption. -Kevin,"App Stability, OS Freezes & Crash Reports","Account Login, Password & Security Access",True,2017-11-04T18:08:00
30,twcs_11200,@SpotifyCares I didn't receive the verification email to confirm my new email change request.,@user_spot_601_234 Hi! Send us a DM with your account's email and invoice details right away so we can secure your profile: https://spoti.fi/dm -Carlos,Product Feature Requests & UI Enhancements,"Billing, Subscriptions & Refund Inquiries",True,2017-11-07T04:16:00
31,twcs_10200,@SpotifyCares Why was my premium subscription charged in USD instead of my local currency?,@user_spot_101_934 Hi! Your billing currency is tied to your account country settings. DM us your account username to update your country! -Daniel,Audio Streaming Quality & Playback Errors,"Billing, Subscriptions & Refund Inquiries",True,2017-11-02T07:34:00
32,twcs_11378,@SpotifyCares Playlist download toggle gets stuck spinning at 'Waiting to download... (0 of 500 songs)'.,"@user_spot_690_564 Hi! Premium allows downloading up to 10,000 tracks per device on up to 5 different devices! -Kevin",Smart Speaker & External Device Connectivity,Offline Playlists & Download Storage Management,True,2017-11-08T01:03:00
33,twcs_10218,@SpotifyCares I updated my credit card details but my account is still showing payment past due and downgraded to Free.,@user_spot_110_448 Hi! Make sure your account region matches the country where the gift card was purchased. DM us the card receipt for help! -Sarah,"Billing, Subscriptions & Refund Inquiries","Billing, Subscriptions & Refund Inquiries",True,2017-11-02T09:43:00
34,twcs_11292,@SpotifyCares Spotify says my account was disabled due to suspicious activity. How do I verify my identity?,@user_spot_647_760 Hey! You can change your email anytime directly under your Account overview at spotify.com/account. -Zoe,Family & Student Plan Eligibility & Verification,Product Feature Requests & UI Enhancements,True,2017-11-07T15:07:00
35,twcs_11230,"@SpotifyCares Cannot sign in using Facebook login button, getting 'OAuth error 400 invalid credentials'.","@user_spot_616_420 Hey! Try disconnecting and reconnecting Facebook under spotify.com/account > Apps, or reset your password using your email. -Maya","App Stability, OS Freezes & Crash Reports","Account Login, Password & Security Access",True,2017-11-07T07:54:00
36,twcs_10904,@SpotifyCares Spotify Connect switches output playback to my Sonos One randomly when I come home.,"@user_spot_453_584 Hey! Send us a DM with your speaker brand, router model, and Spotify app version so we can assist: https://spoti.fi/dm -Chloe",Smart Speaker & External Device Connectivity,Smart Speaker & External Device Connectivity,True,2017-11-05T17:45:00
37,twcs_1,@SpotifyCares audio glitch,@cust1 restart app,Audio Streaming Quality & Playback Errors,"App Stability, OS Freezes & Crash Reports",True,2017-10-31T20:00:00
38,twcs_11702,@SpotifyCares SheerID says my student document was rejected because my name on document doesn't match account name.,"@user_spot_852_351 Hello! All your saved music, playlists, and listening history remain intact when switching plans! -Carlos","Account Login, Password & Security Access",Family & Student Plan Eligibility & Verification,True,2017-11-09T14:54:00
39,twcs_12018,@SpotifyCares How do I change my public username or display name on my Spotify artist/user profile?,@user_spot_1010_232 Hey! Send us a DM if your Daily Mix or Discover Weekly playlists are stuck so we can refresh your cache! -Maya,Family & Student Plan Eligibility & Verification,Product Feature Requests & UI Enhancements,True,2017-11-11T03:42:00
40,twcs_10332,@SpotifyCares Music volume is extremely quiet compared to YouTube and Apple Music on max volume on Pixel 7 Pro.,@user_spot_167_271 Hey! Turn off 'Auto adjust quality' in Audio Quality settings so it doesn't downgrade on variable connection speeds. -Daniel,Audio Streaming Quality & Playback Errors,Audio Streaming Quality & Playback Errors,True,2017-11-02T23:05:00
41,twcs_11372,@SpotifyCares I accidentally deleted my favorite playlist with 800 songs! Can I recover it?,@user_spot_687_161 Hey! Send us a DM with your device model and app version if offline sync continues to fail: https://spoti.fi/dm -Daniel,Product Feature Requests & UI Enhancements,Offline Playlists & Download Storage Management,True,2017-11-08T00:27:00
42,twcs_10144,@SpotifyCares Payment failed when renewing with Visa debit card. Bank says transaction was blocked by merchant.,@user_spot_73_971 Hello! We'd be happy to investigate this. Send us a private DM with your registered email and we'll check your billing status: https://spoti.fi/dm -Elena,"Billing, Subscriptions & Refund Inquiries","Billing, Subscriptions & Refund Inquiries",True,2017-11-02T01:09:00
43,twcs_12082,@SpotifyCares How can I block a specific artist from playing on my Discover Weekly and Release Radar?,@user_spot_1042_299 Hello! You can update your display name anytime from your profile page in the mobile or desktop app settings. -Maya,Family & Student Plan Eligibility & Verification,"App Stability, OS Freezes & Crash Reports",True,2017-11-11T11:08:00
44,twcs_11022,@SpotifyCares Is there an official Spotify app for Apple Watch Series 7 with offline playback?,"@user_spot_512_110 Hi! Power cycle your router and speakers, and make sure both your phone and speakers are on the same 2.4GHz/5GHz WiFi band. -Carlos",Offline Playlists & Download Storage Management,Smart Speaker & External Device Connectivity,True,2017-11-06T07:30:00
45,twcs_11302,@SpotifyCares Someone in another country accessed my account and changed my playlist names. I think I got hacked!,@user_spot_652_804 Hello! DM us your registered email and phone number and we'll help verify your 2FA authentication settings. -Zoe,Product Feature Requests & UI Enhancements,"Account Login, Password & Security Access",True,2017-11-07T16:14:00
46,twcs_10608,@SpotifyCares Infinite loading spinner when trying to search for songs or artist profiles on iOS 17.,@user_spot_305_929 Hey! Try disabling hardware acceleration in the Spotify Desktop menu (File/Edit > Hardware Acceleration) and restart. -Liam,Smart Speaker & External Device Connectivity,"App Stability, OS Freezes & Crash Reports",True,2017-11-04T07:13:00
47,twcs_10106,@SpotifyCares Cancelled my subscription last week but still got billed $12.99 today. Please check invoice #INV-3304.,@user_spot_54_805 Hi! Your billing currency is tied to your account country settings. DM us your account username to update your country! -Maya,"Account Login, Password & Security Access","Billing, Subscriptions & Refund Inquiries",True,2017-11-01T20:38:00
48,twcs_10008,@SpotifyCares Billed twice on Google Play billing and Credit Card subscriptions simultaneously for the same account.,@user_spot_5_182 Hey! Send us a DM with both transaction IDs so we can cancel the redundant third-party billing and process a refund. -Kevin,"Account Login, Password & Security Access","Billing, Subscriptions & Refund Inquiries",True,2017-11-01T09:12:00
49,twcs_10754,@SpotifyCares Android Auto screen freezes completely when opening Spotify playlists while driving.,@user_spot_378_641 Hey! Try disabling hardware acceleration in the Spotify Desktop menu (File/Edit > Hardware Acceleration) and restart. -Emma,Family & Student Plan Eligibility & Verification,Smart Speaker & External Device Connectivity,True,2017-11-05T00:21:00
50,twcs_11006,@SpotifyCares Can I use Spotify Connect to stream across multiple speakers in different rooms at the same time?,@user_spot_504_708 Hi there! Check our smart watch setup guide here: https://spoti.fi/wearables to ensure proper offline sync setup. -Liam,Smart Speaker & External Device Connectivity,Smart Speaker & External Device Connectivity,True,2017-11-06T05:46:00
51,twcs_10148,@SpotifyCares Billed twice on Visa debit and revolving card subscriptions simultaneously for the same account.,@user_spot_75_243 Hi there! You can download VAT invoices directly from your Receipts page at spotify.com/account/receipts. -Chloe,"Account Login, Password & Security Access",Offline Playlists & Download Storage Management,True,2017-11-02T01:36:00
52,twcs_10234,@SpotifyCares Can I get an official PDF invoice for business accounting and corporate expense filing?,"@user_spot_118_689 Hi! Head to your Account overview at spotify.com/account, find 'Your plan', and click 'Update' next to payment details. -Ryan",Offline Playlists & Download Storage Management,"Billing, Subscriptions & Refund Inquiries",True,2017-11-02T11:40:00
53,twcs_11678,@SpotifyCares My student discount expired yesterday. Can I re-verify my student status for another year?,@user_spot_840_786 Hi! The plan manager can generate a fresh invitation link from their Account overview at spotify.com/account. -Kevin,Family & Student Plan Eligibility & Verification,Family & Student Plan Eligibility & Verification,True,2017-11-09T12:07:00
54,twcs_11316,@SpotifyCares Spotify says my account was disabled due to suspicious activity. How do I verify my identity?,"@user_spot_659_732 Hey! We recommend going to spotify.com/account and clicking 'Sign out everywhere', then resetting your password immediately. -Emma",Family & Student Plan Eligibility & Verification,"Account Login, Password & Security Access",True,2017-11-07T17:55:00
55,twcs_10488,@SpotifyCares Streaming quality sounds muffled and low bitrate even though 'Very High Quality' is selected.,@user_spot_245_391 Hey! Turn off 'Auto adjust quality' in Audio Quality settings so it doesn't downgrade on variable connection speeds. -Chloe,Family & Student Plan Eligibility & Verification,Audio Streaming Quality & Playback Errors,True,2017-11-03T17:11:00
56,twcs_11338,@SpotifyCares Can I transfer my playlist ownership and followers to another Spotify user account?,@user_spot_670_868 Hi there! Deleted accounts can be restored within 7 days. Send us a private DM with your account details immediately! -Sarah,Family & Student Plan Eligibility & Verification,Product Feature Requests & UI Enhancements,True,2017-11-07T20:27:00
57,twcs_11276,@SpotifyCares Third party app revoked my Spotify access. How do I view and remove authorized apps on my profile?,"@user_spot_639_525 Hey! Try disconnecting and reconnecting Facebook under spotify.com/account > Apps, or reset your password using your email. -Kevin",Smart Speaker & External Device Connectivity,"Account Login, Password & Security Access",True,2017-11-07T13:14:00
58,twcs_10680,@SpotifyCares Infinite loading spinner when trying to search for songs or artist profiles on iOS 17.,@user_spot_341_599 Hello! Try deleting the Spotify AppData/cache folder or reinstalling the desktop client from spotify.com/download. -Alex,Smart Speaker & External Device Connectivity,Offline Playlists & Download Storage Management,True,2017-11-04T15:38:00
59,twcs_10914,@SpotifyCares Chromecast Audio icon missing from Spotify devices menu on local home WiFi network.,@user_spot_458_581 Hey! Make sure Spotify is set as the default music provider in your voice assistant settings. DM us if you need help! -Liam,Audio Streaming Quality & Playback Errors,Smart Speaker & External Device Connectivity,True,2017-11-05T18:58:00
60,twcs_10114,@SpotifyCares I updated my credit card details but my account is still showing payment past due and downgraded to Free.,@user_spot_58_147 Hey! We'd be glad to look into this charge. Send us a DM with your account email and we'll sort out the refund: https://spoti.fi/dm -Kevin,"Billing, Subscriptions & Refund Inquiries","Billing, Subscriptions & Refund Inquiries",True,2017-11-01T21:38:00
61,twcs_10522,@SpotifyCares Getting playback error code 'Spotify can't play this right now' on Windows 11.,"@user_spot_262_885 Hello! Go to Settings > Audio Quality > Normalize volume, and set Volume Level to 'Normal' or 'Quiet' to prevent clipping. -Elena","App Stability, OS Freezes & Crash Reports",Audio Streaming Quality & Playback Errors,True,2017-11-03T21:15:00
62,twcs_12008,@SpotifyCares How can I block a specific artist from playing on my Discover Weekly and Release Radar?,@user_spot_1005_703 Hey! Great suggestion. You can submit and vote on feature ideas directly on our Spotify Community Idea Board: https://spoti.fi/ideas -Daniel,Family & Student Plan Eligibility & Verification,Product Feature Requests & UI Enhancements,True,2017-11-11T02:32:00
63,twcs_10490,@SpotifyCares Audio crackling and popping sound distortion on high volume through Sony WH-1000XM4.,@user_spot_246_603 Hi! Make sure hardware acceleration is enabled in your app/browser settings and clear your cache for open.spotify.com. -Kevin,Audio Streaming Quality & Playback Errors,Audio Streaming Quality & Playback Errors,True,2017-11-03T17:28:00
64,twcs_11714,@SpotifyCares High school student asking if high school IDs qualify for Spotify Student discount program.,"@user_spot_858_535 Hello! All your saved music, playlists, and listening history remain intact when switching plans! -Emma",Family & Student Plan Eligibility & Verification,Family & Student Plan Eligibility & Verification,True,2017-11-09T16:20:00
65,twcs_11376,@SpotifyCares Smart Shuffle keeps adding unwanted recommended songs into my downloaded offline playlist.,@user_spot_689_593 Hey! Go to Settings > Storage > Clear Cache. This clears cached data without removing your downloaded music tracks. -Chloe,Offline Playlists & Download Storage Management,Offline Playlists & Download Storage Management,True,2017-11-08T00:50:00
66,twcs_10926,@SpotifyCares Spotify Connect device list keeps disappearing and reappearing every few seconds on macOS Sonoma.,@user_spot_464_623 Hello! Try reinstalling the Spotify app on your Smart TV or clearing TV app cache from TV system settings. -Elena,Smart Speaker & External Device Connectivity,Smart Speaker & External Device Connectivity,True,2017-11-05T20:26:00
67,twcs_12102,@SpotifyCares Why are real-time karaoke lyrics not appearing on the web player and TV app for some tracks?,@user_spot_1052_921 Hi! We're always testing UI improvements. Make sure your app is updated to the latest version on the Play Store! -Chloe,Smart Speaker & External Device Connectivity,Product Feature Requests & UI Enhancements,True,2017-11-11T13:38:00
68,twcs_10720,@SpotifyCares App crashes when attempting to view artist about biography page with high-res photos.,"@user_spot_361_493 Hey! Send us a DM with your device model, OS version, and Spotify app version so our tech team can investigate: https://spoti.fi/dm -Sarah","App Stability, OS Freezes & Crash Reports","App Stability, OS Freezes & Crash Reports",True,2017-11-04T20:20:00
69,twcs_11150,@SpotifyCares Someone in another country accessed my account and changed my playlist names. I think I got hacked!,"@user_spot_576_472 Hi! Check your spam/junk folder, or add no-reply@spotify.com to your email whitelist. DM us your username if still missing! -Emma",Product Feature Requests & UI Enhancements,"Account Login, Password & Security Access",True,2017-11-06T22:32:00
70,twcs_10050,@SpotifyCares Cancelled my subscription last week but still got billed $16.99 today. Please check invoice #INV-6519.,@user_spot_26_362 Hi there! You can download VAT invoices directly from your Receipts page at spotify.com/account/receipts. -Alex,"Account Login, Password & Security Access",Offline Playlists & Download Storage Management,True,2017-11-01T14:07:00
71,twcs_10760,@SpotifyCares Spotify keeps crashing on macOS Ventura upon launch. Crash log generated #CR-4021.,@user_spot_381_153 Hi! Disable 'Canvas' looping visuals under Settings > Playback to reduce background battery and CPU consumption. -Liam,Family & Student Plan Eligibility & Verification,"App Stability, OS Freezes & Crash Reports",True,2017-11-05T00:59:00
72,twcs_11114,@SpotifyCares Accidentally clicked delete account on GDPR page. Can support restore my deleted profile?,@user_spot_558_473 Hello! Temporary lockouts reset automatically after 30 minutes. You can also reset your password at spotify.com/password-reset. -Sarah,"Account Login, Password & Security Access","Account Login, Password & Security Access",True,2017-11-06T18:12:00
73,twcs_11464,@SpotifyCares Offline songs taking up 15GB of storage even after deleting downloaded albums from library.,@user_spot_733_780 Hello! You can recover deleted playlists anytime by visiting spotify.com/account/recover-playlists! -Ryan,Offline Playlists & Download Storage Management,Offline Playlists & Download Storage Management,True,2017-11-08T11:03:00
74,twcs_10918,@SpotifyCares Spotify Connect on my HomePod mini is constantly stuttering and pausing mid-song.,@user_spot_460_754 Hello! Try reinstalling the Spotify app on your Smart TV or clearing TV app cache from TV system settings. -Ryan,Smart Speaker & External Device Connectivity,Smart Speaker & External Device Connectivity,True,2017-11-05T19:23:00
75,twcs_10092,@SpotifyCares Auto-renew was turned off on my account yet I was still charged $9.99 yesterday morning. Please reverse.,@user_spot_47_209 Hi! Make sure your account region matches the country where the gift card was purchased. DM us the card receipt for help! -Emma,"Account Login, Password & Security Access","Billing, Subscriptions & Refund Inquiries",True,2017-11-01T18:59:00
76,twcs_10686,@SpotifyCares App crashes when attempting to view artist about biography page with high-res photos.,"@user_spot_344_965 Hey! Send us a DM with your device model, OS version, and Spotify app version so our tech team can investigate: https://spoti.fi/dm -Carlos","App Stability, OS Freezes & Crash Reports","App Stability, OS Freezes & Crash Reports",True,2017-11-04T16:26:00
77,twcs_12144,@SpotifyCares Can you add collaborative playlist listening sessions with friends over Discord or FaceTime?,@user_spot_1073_739 Hey! Great suggestion. You can submit and vote on feature ideas directly on our Spotify Community Idea Board: https://spoti.fi/ideas -Liam,Product Feature Requests & UI Enhancements,Product Feature Requests & UI Enhancements,True,2017-11-11T18:23:00
78,twcs_11110,@SpotifyCares Someone in another country accessed my account and changed my playlist names. I think I got hacked!,"@user_spot_556_631 Hey! We recommend going to spotify.com/account and clicking 'Sign out everywhere', then resetting your password immediately. -Alex",Product Feature Requests & UI Enhancements,"Account Login, Password & Security Access",True,2017-11-06T17:51:00
79,twcs_10692,@SpotifyCares App crashes immediately upon tapping the 'Your Library' tab on iOS 15.,@user_spot_347_333 Hello! Reinstalling the app usually fixes persistent login session drops. Send us a DM if the issue continues! -Emma,"App Stability, OS Freezes & Crash Reports","Account Login, Password & Security Access",True,2017-11-04T17:04:00
80,twcs_11866,@SpotifyCares Invitation link for Family plan says 'This invitation link has expired or reached limit'.,@user_spot_934_306 Hi! Student verification is managed via SheerID. Check document submission guidelines here: https://spoti.fi/student -Emma,Family & Student Plan Eligibility & Verification,Family & Student Plan Eligibility & Verification,True,2017-11-10T10:06:00
81,twcs_11442,@SpotifyCares Downloaded local MP3 files on desktop are not syncing over WiFi to my OnePlus 11 Spotify library.,@user_spot_722_116 Hello! You can recover deleted playlists anytime by visiting spotify.com/account/recover-playlists! -Daniel,Audio Streaming Quality & Playback Errors,Offline Playlists & Download Storage Management,True,2017-11-08T08:35:00
82,twcs_11700,@SpotifyCares Family plan member moved to a new apartment in the same city. Do they get kicked off the plan?,"@user_spot_851_440 Hi! Log into spotify.com/account, select 'Manage members' under Duo/Family, and copy the new invite link to share. -Liam",Family & Student Plan Eligibility & Verification,Family & Student Plan Eligibility & Verification,True,2017-11-09T14:35:00
83,twcs_10406,@SpotifyCares What audio bitrate does Spotify HiFi / Very High quality stream at on desktop vs mobile?,"@user_spot_204_893 Hey! Log out and log back in to refresh account settings. If on a Family plan, the plan manager might have set restrictions. -Alex","App Stability, OS Freezes & Crash Reports",Family & Student Plan Eligibility & Verification,True,2017-11-03T07:37:00
84,twcs_10906,@SpotifyCares Voice commands on Siri voice control only play 30-second previews instead of full songs on Premium.,@user_spot_454_952 Hello! Try reinstalling the Spotify app on your Smart TV or clearing TV app cache from TV system settings. -Elena,Family & Student Plan Eligibility & Verification,Smart Speaker & External Device Connectivity,True,2017-11-05T18:02:00
85,twcs_10832,@SpotifyCares Can't connect Spotify to Kenwood receiver via Bluetooth auto-connect.,@user_spot_417_957 Hey! Make sure Spotify is set as the default music provider in your voice assistant settings. DM us if you need help! -Emma,Smart Speaker & External Device Connectivity,Smart Speaker & External Device Connectivity,True,2017-11-05T09:21:00
86,twcs_12028,@SpotifyCares When is Spotify HiFi 24-bit lossless streaming audio going to be released?,@user_spot_1015_466 Hey! Send us a DM if your Daily Mix or Discover Weekly playlists are stuck so we can refresh your cache! -Liam,Audio Streaming Quality & Playback Errors,Audio Streaming Quality & Playback Errors,True,2017-11-11T04:53:00
87,twcs_10898,@SpotifyCares Fire TV app gets stuck on loading logo when launching Spotify Connect from phone.,@user_spot_450_674 Hey! Unlink and re-link your Spotify account in the Alexa/Google Home companion app to refresh the token. -Ryan,Smart Speaker & External Device Connectivity,Smart Speaker & External Device Connectivity,True,2017-11-05T17:01:00
88,twcs_11576,@SpotifyCares Playlist folder structure disappeared and all playlists are now unorganized in one huge list.,@user_spot_789_212 Hey! Go to Settings > Storage > Clear Cache. This clears cached data without removing your downloaded music tracks. -Sarah,Family & Student Plan Eligibility & Verification,Offline Playlists & Download Storage Management,True,2017-11-09T00:11:00
89,twcs_11456,@SpotifyCares Reordering tracks inside a custom playlist doesn't sync across desktop and mobile apps.,"@user_spot_729_876 Hi! Check Settings > Storage > Storage location, and select your SD Card. Ensure app permissions allow storage access. -Alex",Product Feature Requests & UI Enhancements,Offline Playlists & Download Storage Management,True,2017-11-08T10:16:00
90,twcs_11304,@SpotifyCares Third party app revoked my Spotify access. How do I view and remove authorized apps on my profile?,"@user_spot_653_461 Hey! Try disconnecting and reconnecting Facebook under spotify.com/account > Apps, or reset your password using your email. -Liam",Smart Speaker & External Device Connectivity,"Account Login, Password & Security Access",True,2017-11-07T16:27:00
91,twcs_10388,"@SpotifyCares Songs keep skipping after 5 seconds on cellular connection, but audio works fine on WiFi streaming.",@user_spot_195_300 Hi! Disable Crossfade in Settings > Playback or clear app cache to fix premature audio cutoffs. -Sarah,Audio Streaming Quality & Playback Errors,Audio Streaming Quality & Playback Errors,True,2017-11-03T05:37:00
92,twcs_11908,@SpotifyCares When is Spotify HiFi 24-bit lossless streaming audio going to be released?,@user_spot_955_201 Hi! Lyrics availability depends on licensing from Musixmatch and rightsholders. We're constantly adding new lyrics! -Alex,Audio Streaming Quality & Playback Errors,Product Feature Requests & UI Enhancements,True,2017-11-10T14:52:00
93,twcs_11842,@SpotifyCares My student discount expired yesterday. Can I re-verify my student status for another year?,"@user_spot_922_214 Hi! Log into spotify.com/account, select 'Manage members' under Duo/Family, and copy the new invite link to share. -Alex",Family & Student Plan Eligibility & Verification,Family & Student Plan Eligibility & Verification,True,2017-11-10T07:14:00
94,twcs_10194,@SpotifyCares I updated my credit card details but my account is still showing payment past due and downgraded to Free.,@user_spot_98_927 Hi! Make sure your account region matches the country where the gift card was purchased. DM us the card receipt for help! -Elena,"Billing, Subscriptions & Refund Inquiries","Billing, Subscriptions & Refund Inquiries",True,2017-11-02T07:01:00
95,twcs_10014,@SpotifyCares Cancelled my subscription last week but still got billed $10.99 today. Please check invoice #INV-8832.,@user_spot_8_407 Hi! Your billing currency is tied to your account country settings. DM us your account username to update your country! -Elena,"Account Login, Password & Security Access","Billing, Subscriptions & Refund Inquiries",True,2017-11-01T10:00:00
96,twcs_10270,@SpotifyCares Getting playback error code 'Spotify can't play this right now' on Windows 11.,@user_spot_136_108 Hi! Very High streaming streams at 320 kbps AAC/Ogg Vorbis on Premium. Details here: https://spoti.fi/audio-quality -Daniel,"App Stability, OS Freezes & Crash Reports",Audio Streaming Quality & Playback Errors,True,2017-11-02T15:50:00
97,twcs_10448,@SpotifyCares Playback automatically stops whenever I open Google Maps in the background on my phone.,@user_spot_225_767 Hello! Try toggling Hardware Acceleration under Edit > Preferences > Compatibility on your desktop app. -Emma,Smart Speaker & External Device Connectivity,Audio Streaming Quality & Playback Errors,True,2017-11-03T12:33:00
98,twcs_10476,@SpotifyCares Playback automatically stops whenever I open TikTok in the background on my phone.,@user_spot_239_756 Hi! Make sure hardware acceleration is enabled in your app/browser settings and clear your cache for open.spotify.com. -Kevin,Smart Speaker & External Device Connectivity,Audio Streaming Quality & Playback Errors,True,2017-11-03T15:47:00
99,twcs_10082,"@SpotifyCares If I downgrade from Premium to Free tier mid-cycle, do I get a prorated refund credit for unused days?","@user_spot_42_708 Hi! Head to your Account overview at spotify.com/account, find 'Your plan', and click 'Update' next to payment details. -Sarah","Billing, Subscriptions & Refund Inquiries","Billing, Subscriptions & Refund Inquiries",True,2017-11-01T17:48:00
100,twcs_11398,@SpotifyCares Spotify says 'Storage is full' error even though my SD card has 128GB of free space.,"@user_spot_700_678 Hi! Premium allows downloading up to 10,000 tracks per device on up to 5 different devices! -Chloe","Billing, Subscriptions & Refund Inquiries",Offline Playlists & Download Storage Management,True,2017-11-08T03:29:00
101,twcs_11384,@SpotifyCares Downloaded local MP3 files on desktop are not syncing over WiFi to my iPhone 13 Spotify library.,@user_spot_693_616 Hi! Make sure both devices are connected to the exact same WiFi network and Local Files are enabled in Settings. -Sarah,Audio Streaming Quality & Playback Errors,Offline Playlists & Download Storage Management,True,2017-11-08T01:49:00
102,twcs_11738,@SpotifyCares Family plan member moved to a new apartment in the same city. Do they get kicked off the plan?,@user_spot_870_103 Hey! All Family plan members must reside at the same physical residential address as the plan manager. -Elena,Family & Student Plan Eligibility & Verification,Family & Student Plan Eligibility & Verification,True,2017-11-09T19:03:00
103,twcs_11988,@SpotifyCares Please add a feature to swipe right to add songs to queue on Android like iOS has!,@user_spot_995_639 Hi! We're always testing UI improvements. Make sure your app is updated to the latest version on the Play Store! -Chloe,Product Feature Requests & UI Enhancements,Product Feature Requests & UI Enhancements,True,2017-11-11T00:15:00
104,twcs_10850,@SpotifyCares Spotify Connect device list keeps disappearing and reappearing every few seconds on Windows 10.,"@user_spot_426_915 Hello! On consoles, open Spotify in the quick menu overlay and adjust the Sound/Mix balance slider. -Emma",Smart Speaker & External Device Connectivity,Smart Speaker & External Device Connectivity,True,2017-11-05T11:34:00
105,twcs_12088,@SpotifyCares The Equalizer setting on Windows 11 desktop app disappeared after the latest update.,"@user_spot_1045_320 Hello! Go to the artist's profile, tap the three dots (···) and select 'Don't play this artist' to block them. -Sarah","App Stability, OS Freezes & Crash Reports",Audio Streaming Quality & Playback Errors,True,2017-11-11T11:51:00
106,twcs_10103,@SpotifyCares Payment failed when renewing with Visa debit card. Bank says transaction was blocked by merchant.,"@user_spotify_105 Hey! Please verify international transactions are enabled on your card, or try PayPal as a secondary billing method.","Billing, Subscriptions & Refund Inquiries","Billing, Subscriptions & Refund Inquiries",True,2017-11-05T09:30:00
107,twcs_10290,@SpotifyCares Music volume is extremely quiet compared to YouTube and Apple Music on max volume on OnePlus 11.,@user_spot_146_523 Hello! Try toggling Hardware Acceleration under Edit > Preferences > Compatibility on your desktop app. -Daniel,Audio Streaming Quality & Playback Errors,Audio Streaming Quality & Playback Errors,True,2017-11-02T18:10:00
108,twcs_12020,@SpotifyCares When is Spotify HiFi 24-bit lossless streaming audio going to be released?,@user_spot_1011_589 Hey! Send us a DM if your Daily Mix or Discover Weekly playlists are stuck so we can refresh your cache! -Zoe,Audio Streaming Quality & Playback Errors,Audio Streaming Quality & Playback Errors,True,2017-11-11T04:03:00
109,twcs_11024,@SpotifyCares Roku TV app gets stuck on loading logo when launching Spotify Connect from phone.,"@user_spot_513_202 Hello! On consoles, open Spotify in the quick menu overlay and adjust the Sound/Mix balance slider. -Carlos",Smart Speaker & External Device Connectivity,Smart Speaker & External Device Connectivity,True,2017-11-06T07:50:00
110,twcs_11602,@SpotifyCares Songs downloaded on Premium won't play offline unless I reconnect to internet once every 14 days.,@user_spot_802_481 Hey! Send us a DM with your device model and app version if offline sync continues to fail: https://spoti.fi/dm -Maya,Offline Playlists & Download Storage Management,Offline Playlists & Download Storage Management,True,2017-11-09T03:18:00
111,twcs_10468,@SpotifyCares Song playback gets cut off 45 seconds before the track actually finishes playing.,@user_spot_235_186 Hi! Podcasts use dynamic audio leveling. You can adjust Equalizer presets under Playback settings to balance output. -Alex,Smart Speaker & External Device Connectivity,Audio Streaming Quality & Playback Errors,True,2017-11-03T14:58:00
112,twcs_11680,@SpotifyCares Family plan member moved to a new apartment in the same city. Do they get kicked off the plan?,@user_spot_841_769 Hi! Student verification is managed via SheerID. Check document submission guidelines here: https://spoti.fi/student -Liam,Family & Student Plan Eligibility & Verification,Family & Student Plan Eligibility & Verification,True,2017-11-09T12:23:00
113,twcs_10013,@SpotifyCares Someone in another country accessed my account and changed my playlist names. I think I got hacked!,"@user_spotify_7 We take security very seriously! Please visit your account page and click 'Sign Out Everywhere', then DM us your email right away.",Product Feature Requests & UI Enhancements,"Account Login, Password & Security Access",True,2017-11-02T15:10:00
114,twcs_10900,@SpotifyCares Is there an official Spotify app for Apple Watch Ultra with offline playback?,"@user_spot_451_335 Hello! On consoles, open Spotify in the quick menu overlay and adjust the Sound/Mix balance slider. -Chloe",Offline Playlists & Download Storage Management,Offline Playlists & Download Storage Management,True,2017-11-05T17:24:00
115,twcs_11872,@SpotifyCares Spotify Kids app parental controls PIN code was forgotten. How do I reset parent PIN?,@user_spot_937_198 Hi! Student verification is managed via SheerID. Check document submission guidelines here: https://spoti.fi/student -Sarah,Smart Speaker & External Device Connectivity,Family & Student Plan Eligibility & Verification,True,2017-11-10T10:42:00
116,twcs_10552,@SpotifyCares App crashes immediately upon tapping the 'Your Library' tab on Android 14.,@user_spot_277_151 Hey! Try disabling hardware acceleration in the Spotify Desktop menu (File/Edit > Hardware Acceleration) and restart. -Zoe,"App Stability, OS Freezes & Crash Reports","App Stability, OS Freezes & Crash Reports",True,2017-11-04T00:38:00
117,twcs_11900,@SpotifyCares Feature suggestion: Allow sorting playlists by BPM / tempo for workout and running mixes.,@user_spot_951_443 Hi! You can exclude any playlist from your Taste Profile by tapping the three dots on the playlist and selecting 'Exclude'. -Daniel,Product Feature Requests & UI Enhancements,Product Feature Requests & UI Enhancements,True,2017-11-10T13:57:00
118,twcs_10256,@SpotifyCares Why was my premium subscription charged in GBP instead of my local currency?,"@user_spot_129_939 Hey! Please verify international transactions are enabled on your card, or try PayPal as a secondary billing method. -Sarah",Audio Streaming Quality & Playback Errors,"Billing, Subscriptions & Refund Inquiries",True,2017-11-02T14:15:00
119,twcs_11044,@SpotifyCares Can't connect Spotify to Kenwood receiver via Bluetooth auto-connect.,@user_spot_523_583 Hello! Try reinstalling the Spotify app on your Smart TV or clearing TV app cache from TV system settings. -Maya,Smart Speaker & External Device Connectivity,Smart Speaker & External Device Connectivity,True,2017-11-06T10:07:00
120,twcs_11352,@SpotifyCares Reordering tracks inside a custom playlist doesn't sync across desktop and mobile apps.,@user_spot_677_303 Hi! Make sure both devices are connected to the exact same WiFi network and Local Files are enabled in Settings. -Elena,Product Feature Requests & UI Enhancements,"App Stability, OS Freezes & Crash Reports",True,2017-11-07T22:08:00
121,twcs_10482,@SpotifyCares Crossfade transition between songs causes a 2-second loud audio buzz artifact on Android 13.,@user_spot_242_312 Hi! Make sure hardware acceleration is enabled in your app/browser settings and clear your cache for open.spotify.com. -Carlos,Audio Streaming Quality & Playback Errors,Audio Streaming Quality & Playback Errors,True,2017-11-03T16:31:00
122,twcs_12030,@SpotifyCares Would love if we could pin our top 8 favorite albums and playlists to the top of our user profile.,@user_spot_1016_457 Hey! Great suggestion. You can submit and vote on feature ideas directly on our Spotify Community Idea Board: https://spoti.fi/ideas -Carlos,Family & Student Plan Eligibility & Verification,Product Feature Requests & UI Enhancements,True,2017-11-11T05:14:00
123,twcs_11994,@SpotifyCares When is Spotify HiFi 24-bit lossless streaming audio going to be released?,@user_spot_998_478 Hi! Lyrics availability depends on licensing from Musixmatch and rightsholders. We're constantly adding new lyrics! -Ryan,Audio Streaming Quality & Playback Errors,Product Feature Requests & UI Enhancements,True,2017-11-11T00:53:00
124,twcs_10003,@SpotifyCares I was charged twice for my Spotify Family plan this month ($14.99 x 2). Can I get a refund?,@user_spotify_2 Hey! We'd be glad to look into this charge. Send us a DM with your account's email address and we'll sort out the refund: https://spoti.fi/dm,"Account Login, Password & Security Access",Family & Student Plan Eligibility & Verification,True,2017-11-01T09:30:00
125,twcs_11148,@SpotifyCares Can't log into my account. Password reset email is not arriving in my inbox or spam folder for Yahoo Mail.,"@user_spot_575_844 Hey! We recommend going to spotify.com/account and clicking 'Sign out everywhere', then resetting your password immediately. -Maya","Account Login, Password & Security Access","Account Login, Password & Security Access",True,2017-11-06T22:13:00
126,twcs_11822,@SpotifyCares High school student asking if high school IDs qualify for Spotify Student discount program.,"@user_spot_912_854 Hi! Log into spotify.com/account, select 'Manage members' under Duo/Family, and copy the new invite link to share. -Ryan",Family & Student Plan Eligibility & Verification,Family & Student Plan Eligibility & Verification,True,2017-11-10T04:48:00
127,twcs_10219,"@SpotifyCares Gapless playback setting is not working, getting 2 second silence between continuous live album tracks.","@user_spotify_211 Hello! Toggle 'Gapless playback' off and on in Playback settings, and ensure 'Automix' is enabled for seamless transitions.","App Stability, OS Freezes & Crash Reports",Audio Streaming Quality & Playback Errors,True,2017-11-14T15:10:00
128,twcs_10280,@SpotifyCares Music audio keeps stuttering and buffering constantly during playback on Edge browser.,@user_spot_141_717 Hi! Disable Crossfade in Settings > Playback or clear app cache to fix premature audio cutoffs. -Ryan,Audio Streaming Quality & Playback Errors,Audio Streaming Quality & Playback Errors,True,2017-11-02T16:56:00
129,twcs_11308,@SpotifyCares Can I transfer my playlist ownership and followers to another Spotify user account?,@user_spot_655_865 Hello! DM us your registered email and phone number and we'll help verify your 2FA authentication settings. -Maya,Family & Student Plan Eligibility & Verification,"Account Login, Password & Security Access",True,2017-11-07T16:54:00
130,twcs_11080,@SpotifyCares How do I sign out of all devices remotely if I left my account logged in at a public computer?,@user_spot_541_262 Hi there! Deleted accounts can be restored within 7 days. Send us a private DM with your account details immediately! -Sarah,"App Stability, OS Freezes & Crash Reports",Product Feature Requests & UI Enhancements,True,2017-11-06T14:20:00
131,twcs_10802,@SpotifyCares App freezes completely when opening playlists with more than 1000 songs on Samsung Galaxy S22.,@user_spot_402_872 Hi! Disable 'Canvas' looping visuals under Settings > Playback to reduce background battery and CPU consumption. -Emma,Family & Student Plan Eligibility & Verification,"App Stability, OS Freezes & Crash Reports",True,2017-11-05T05:53:00
132,twcs_10058,@SpotifyCares Auto-renew was turned off on my account yet I was still charged $9.99 yesterday morning. Please reverse.,@user_spot_30_729 Hello! Refunds typically take 3-5 business days depending on your bank. Send us a DM with your reference ID to check. -Carlos,"Account Login, Password & Security Access","Billing, Subscriptions & Refund Inquiries",True,2017-11-01T15:05:00
133,twcs_10808,@SpotifyCares App UI flickers and restarts every time bluetooth connects or disconnects in the car.,@user_spot_405_587 Hey! Try disabling hardware acceleration in the Spotify Desktop menu (File/Edit > Hardware Acceleration) and restart. -Chloe,"App Stability, OS Freezes & Crash Reports",Smart Speaker & External Device Connectivity,True,2017-11-05T06:39:00
134,twcs_10172,@SpotifyCares Why is there an unexpected extra $4.99 tax charge on my annual subscription receipt?,@user_spot_87_553 Hey! Send us a DM with both transaction IDs so we can cancel the redundant third-party billing and process a refund. -Elena,Family & Student Plan Eligibility & Verification,"Billing, Subscriptions & Refund Inquiries",True,2017-11-02T04:24:00
135,twcs_11812,@SpotifyCares Having trouble renewing my Student Discount verification with SheerID. Says university email jdoe@nyu.edu invalid.,@user_spot_907_392 Hello! You can renew your student discount up to 3 times (4 years total). Re-verify at spotify.com/student! -Daniel,Family & Student Plan Eligibility & Verification,Family & Student Plan Eligibility & Verification,True,2017-11-10T03:38:00
136,twcs_10104,@SpotifyCares Payment failed when renewing with Visa debit card. Bank says transaction was blocked by merchant.,@user_spot_53_229 Hello! We'd be happy to investigate this. Send us a private DM with your registered email and we'll check your billing status: https://spoti.fi/dm -Ryan,"Billing, Subscriptions & Refund Inquiries","Billing, Subscriptions & Refund Inquiries",True,2017-11-01T20:24:00
137,twcs_12002,@SpotifyCares How can I block a specific artist from playing on my Discover Weekly and Release Radar?,@user_spot_1002_195 Hi! Lyrics availability depends on licensing from Musixmatch and rightsholders. We're constantly adding new lyrics! -Kevin,Family & Student Plan Eligibility & Verification,Product Feature Requests & UI Enhancements,True,2017-11-11T01:51:00
138,twcs_10336,@SpotifyCares What audio bitrate does Spotify HiFi / Very High quality stream at on desktop vs mobile?,@user_spot_169_935 Hi! Disable Crossfade in Settings > Playback or clear app cache to fix premature audio cutoffs. -Alex,"App Stability, OS Freezes & Crash Reports",Audio Streaming Quality & Playback Errors,True,2017-11-02T23:33:00
139,twcs_10346,@SpotifyCares Streaming quality sounds muffled and low bitrate even though 'Very High Quality' is selected.,@user_spot_174_346 Hi! Very High streaming streams at 320 kbps AAC/Ogg Vorbis on Premium. Details here: https://spoti.fi/audio-quality -Sarah,Family & Student Plan Eligibility & Verification,Audio Streaming Quality & Playback Errors,True,2017-11-03T00:42:00
140,twcs_11768,@SpotifyCares Can I have Spotify Duo if my partner and I live in different postal zip codes?,@user_spot_885_576 Hi! The plan manager can generate a fresh invitation link from their Account overview at spotify.com/account. -Liam,Family & Student Plan Eligibility & Verification,Product Feature Requests & UI Enhancements,True,2017-11-09T22:40:00
141,twcs_12072,@SpotifyCares How do I change my public username or display name on my Spotify artist/user profile?,@user_spot_1037_291 Hello! You can update your display name anytime from your profile page in the mobile or desktop app settings. -Elena,Family & Student Plan Eligibility & Verification,"App Stability, OS Freezes & Crash Reports",True,2017-11-11T10:07:00
142,twcs_10498,@SpotifyCares Music volume is extremely quiet compared to YouTube and Apple Music on max volume on iPhone 14 Pro.,@user_spot_250_729 Hey! Check your streaming quality under Settings > Audio Quality. Toggle 'Download using cellular' if streaming offline tracks. -Liam,Audio Streaming Quality & Playback Errors,Offline Playlists & Download Storage Management,True,2017-11-03T18:21:00
143,twcs_11982,@SpotifyCares Please add an option to exclude certain playlists from my Taste Profile and Spotify Wrapped!,@user_spot_992_928 Hey! Thanks for the feedback! We've passed this request along to our desktop development team. -Maya,Family & Student Plan Eligibility & Verification,"App Stability, OS Freezes & Crash Reports",True,2017-11-10T23:38:00
144,twcs_11554,@SpotifyCares Spotify says 'Storage is full' error even though my SD card has 32GB of free space.,@user_spot_778_637 Hey! Remember to go online with Spotify at least once every 30 days to keep your offline downloads active. -Carlos,"Billing, Subscriptions & Refund Inquiries",Offline Playlists & Download Storage Management,True,2017-11-08T21:39:00
145,twcs_10688,@SpotifyCares App freezes completely when opening playlists with more than 2500 songs on Pixel 7 Pro.,@user_spot_345_265 Hi! Disable 'Canvas' looping visuals under Settings > Playback to reduce background battery and CPU consumption. -Liam,Family & Student Plan Eligibility & Verification,"App Stability, OS Freezes & Crash Reports",True,2017-11-04T16:30:00
146,twcs_10644,@SpotifyCares App crashes when attempting to view artist about biography page with high-res photos.,@user_spot_323_723 Hello! Reinstalling the app usually fixes persistent login session drops. Send us a DM if the issue continues! -Zoe,"App Stability, OS Freezes & Crash Reports","Account Login, Password & Security Access",True,2017-11-04T11:30:00
147,twcs_11098,"@SpotifyCares Received a security alert about a login from Russia on my account. I live in Toronto, Canada.","@user_spot_550_852 Hey! We recommend going to spotify.com/account and clicking 'Sign out everywhere', then resetting your password immediately. -Zoe","Account Login, Password & Security Access","Account Login, Password & Security Access",True,2017-11-06T16:20:00
148,twcs_11350,@SpotifyCares Spotify says 'Storage is full' error even though my SD card has 32GB of free space.,@user_spot_676_275 Hey! Send us a DM with your device model and app version if offline sync continues to fail: https://spoti.fi/dm -Elena,"Billing, Subscriptions & Refund Inquiries",Offline Playlists & Download Storage Management,True,2017-11-07T21:46:00
149,twcs_11616,@SpotifyCares Downloaded songs are greyed out and unplayable in offline mode on airplane flight.,"@user_spot_809_780 Hi! Check Settings > Storage > Storage location, and select your SD Card. Ensure app permissions allow storage access. -Sarah",Offline Playlists & Download Storage Management,Offline Playlists & Download Storage Management,True,2017-11-09T04:54:00
150,twcs_11940,@SpotifyCares Liked Songs playlist count shows 4000 tracks but only 1500 load when scrolling to the bottom.,@user_spot_971_833 Hi! You can exclude any playlist from your Taste Profile by tapping the three dots on the playlist and selecting 'Exclude'. -Carlos,Product Feature Requests & UI Enhancements,"App Stability, OS Freezes & Crash Reports",True,2017-11-10T18:38:00
151,twcs_11670,@SpotifyCares How many times can a college student renew the 50% off Student Premium discount?,@user_spot_836_905 Hey! Send us a DM with your account username so we can assist with Family/Student verification: https://spoti.fi/dm -Alex,Family & Student Plan Eligibility & Verification,Family & Student Plan Eligibility & Verification,True,2017-11-09T11:12:00
152,twcs_10316,@SpotifyCares Left audio channel has no sound output while right channel plays normally on iPad Air.,@user_spot_159_631 Hi! Check your phone's battery optimization settings and set Spotify to 'Unrestricted' background activity. -Chloe,Audio Streaming Quality & Playback Errors,Audio Streaming Quality & Playback Errors,True,2017-11-02T21:11:00
153,twcs_10836,@SpotifyCares Roku streaming stick audio is 3 seconds out of sync with video podcasts on TV.,@user_spot_419_939 Hey! Unlink and re-link your Spotify account in the Alexa/Google Home companion app to refresh the token. -Carlos,Smart Speaker & External Device Connectivity,Smart Speaker & External Device Connectivity,True,2017-11-05T09:47:00
154,twcs_10742,@SpotifyCares Keep getting logged out of the mobile app every time I close it on Android 14.,@user_spot_372_150 Hi! Let's do a clean reinstall to resolve crashing. Follow the step-by-step guide here: https://spoti.fi/reinstall -Ryan,"App Stability, OS Freezes & Crash Reports","Account Login, Password & Security Access",True,2017-11-04T22:54:00
155,twcs_10084,"@SpotifyCares If I downgrade from Premium to Free tier mid-cycle, do I get a prorated refund credit for unused days?",@user_spot_43_522 Hey! Send us a DM with both transaction IDs so we can cancel the redundant third-party billing and process a refund. -Kevin,"Billing, Subscriptions & Refund Inquiries","Billing, Subscriptions & Refund Inquiries",True,2017-11-01T18:08:00
156,twcs_11206,@SpotifyCares Can't log into my account. Password reset email is not arriving in my inbox or spam folder for Outlook.com.,@user_spot_604_256 Hi! Send us a DM with your account's email and invoice details right away so we can secure your profile: https://spoti.fi/dm -Elena,"Account Login, Password & Security Access","Billing, Subscriptions & Refund Inquiries",True,2017-11-07T05:01:00
157,twcs_10307,@SpotifyCares Keep getting logged out of the mobile app every time I close it on iOS.,@user_spotify_306 Hello! Reinstall the app and ensure iOS Keychain credentials are saved under iOS Settings > Passwords.,"App Stability, OS Freezes & Crash Reports","Account Login, Password & Security Access",True,2017-11-06T12:40:00
158,twcs_12090,@SpotifyCares My Daily Mix playlists haven't refreshed for over a week. Same songs on repeat.,@user_spot_1046_801 Hey! Thanks for the feedback! We've passed this request along to our desktop development team. -Daniel,Family & Student Plan Eligibility & Verification,Audio Streaming Quality & Playback Errors,True,2017-11-11T12:10:00
159,twcs_10764,@SpotifyCares Infinite loading spinner when trying to search for songs or artist profiles on Android 14.,"@user_spot_383_795 Hey! Send us a DM with your device model, OS version, and Spotify app version so our tech team can investigate: https://spoti.fi/dm -Daniel",Smart Speaker & External Device Connectivity,"App Stability, OS Freezes & Crash Reports",True,2017-11-05T01:27:00
160,twcs_10029,@SpotifyCares I accidentally deleted my favorite playlist with 500 songs! Can I recover it?,@user_spotify_15 Don't worry! You can restore deleted playlists from your web account at spotify.com/account/recover-playlists anytime!,Product Feature Requests & UI Enhancements,Audio Streaming Quality & Playback Errors,True,2017-11-05T14:00:00
161,twcs_10112,@SpotifyCares Payment failed when renewing with Wells Fargo Visa card. Bank says transaction was blocked by merchant.,@user_spot_57_867 Hi! Sales tax or VAT is calculated based on local jurisdiction laws. DM us your receipt and postal code to verify! -Alex,"Billing, Subscriptions & Refund Inquiries","Billing, Subscriptions & Refund Inquiries",True,2017-11-01T21:22:00
162,twcs_10062,@SpotifyCares Payment failed when renewing with Chase Sapphire card. Bank says transaction was blocked by merchant.,@user_spot_32_794 Hello! Refunds typically take 3-5 business days depending on your bank. Send us a DM with your reference ID to check. -Zoe,"Billing, Subscriptions & Refund Inquiries","Billing, Subscriptions & Refund Inquiries",True,2017-11-01T15:35:00
163,twcs_10758,@SpotifyCares Infinite loading spinner when trying to search for songs or artist profiles on iOS 16.,@user_spot_380_998 Hi there! Does this happen on both WiFi and cellular? Let us know your Spotify version and OS build in DM! -Maya,Smart Speaker & External Device Connectivity,"App Stability, OS Freezes & Crash Reports",True,2017-11-05T00:40:00
164,twcs_10098,"@SpotifyCares If I downgrade from Premium to Free tier mid-cycle, do I get a prorated refund credit for unused days?",@user_spot_50_145 Hey! Send us a DM with both transaction IDs so we can cancel the redundant third-party billing and process a refund. -Liam,"Billing, Subscriptions & Refund Inquiries","Billing, Subscriptions & Refund Inquiries",True,2017-11-01T19:41:00
165,twcs_10513,@SpotifyCares Roku streaming stick audio is 3 seconds out of sync with video podcasts on TV.,@user_spotify_510 Hi! Check Roku Audio settings and switch HDMI audio format from Auto/Dolby to Stereo PCM.,Smart Speaker & External Device Connectivity,Smart Speaker & External Device Connectivity,True,2017-11-15T14:30:00
166,twcs_11174,@SpotifyCares I didn't receive the verification email to confirm my new email change request.,@user_spot_588_919 Hello! DM us your registered email and phone number and we'll help verify your 2FA authentication settings. -Carlos,Product Feature Requests & UI Enhancements,"Account Login, Password & Security Access",True,2017-11-07T01:16:00
167,twcs_11926,@SpotifyCares Would love if we could pin our top 3 favorite albums and playlists to the top of our user profile.,@user_spot_964_243 Hey! Thanks for the feedback! We've passed this request along to our desktop development team. -Ryan,Family & Student Plan Eligibility & Verification,Product Feature Requests & UI Enhancements,True,2017-11-10T17:06:00
168,twcs_10796,@SpotifyCares App crashes when attempting to view artist about biography page with high-res photos.,@user_spot_399_504 Hello! Try deleting the Spotify AppData/cache folder or reinstalling the desktop client from spotify.com/download. -Ryan,"App Stability, OS Freezes & Crash Reports",Offline Playlists & Download Storage Management,True,2017-11-05T05:06:00
169,twcs_10962,@SpotifyCares Samsung Smart TV app gets stuck on loading logo when launching Spotify Connect from phone.,"@user_spot_482_669 Hello! On consoles, open Spotify in the quick menu overlay and adjust the Sound/Mix balance slider. -Alex",Smart Speaker & External Device Connectivity,Smart Speaker & External Device Connectivity,True,2017-11-06T00:30:00
170,twcs_11810,@SpotifyCares Can I upgrade from an Individual plan to Family plan without losing my playlist history and saved tracks?,@user_spot_906_976 Hi! The plan manager can generate a fresh invitation link from their Account overview at spotify.com/account. -Ryan,Family & Student Plan Eligibility & Verification,Family & Student Plan Eligibility & Verification,True,2017-11-10T03:25:00
171,twcs_10698,@SpotifyCares Spotify keeps crashing on macOS Sonoma upon launch. Crash log generated #CR-9921.,@user_spot_350_761 Hi there! Does this happen on both WiFi and cellular? Let us know your Spotify version and OS build in DM! -Sarah,Family & Student Plan Eligibility & Verification,"App Stability, OS Freezes & Crash Reports",True,2017-11-04T17:50:00
172,twcs_10362,@SpotifyCares Tracks randomly pause every 5 minutes by themselves while phone screen is locked on Android 14.,@user_spot_182_442 Hi! Make sure hardware acceleration is enabled in your app/browser settings and clear your cache for open.spotify.com. -Emma,Smart Speaker & External Device Connectivity,Audio Streaming Quality & Playback Errors,True,2017-11-03T02:32:00
173,twcs_11758,@SpotifyCares How do I remove an inactive member from our Spotify Family subscription group?,@user_spot_880_123 Hi! Student verification is managed via SheerID. Check document submission guidelines here: https://spoti.fi/student -Zoe,Family & Student Plan Eligibility & Verification,Family & Student Plan Eligibility & Verification,True,2017-11-09T21:30:00
174,twcs_10816,"@SpotifyCares Google Assistant says 'Something went wrong, please try again' when asking to play Spotify playlists.",@user_spot_409_515 Hey! Make sure Spotify is set as the default music provider in your voice assistant settings. DM us if you need help! -Sarah,Family & Student Plan Eligibility & Verification,Audio Streaming Quality & Playback Errors,True,2017-11-05T07:26:00
175,twcs_11488,@SpotifyCares How do I change download storage location to my external micro SD card on iPhone 14 Pro?,@user_spot_745_120 Hi! Make sure both devices are connected to the exact same WiFi network and Local Files are enabled in Settings. -Maya,"Billing, Subscriptions & Refund Inquiries",Offline Playlists & Download Storage Management,True,2017-11-08T13:59:00
176,twcs_10600,@SpotifyCares Desktop app will not open on macOS Monterey startup even though 'Open Spotify automatically' is enabled.,"@user_spot_301_643 Hey! Try clearing app storage and cache under Settings > Storage > Clear Cache, then restart your device. -Sarah",Smart Speaker & External Device Connectivity,"App Stability, OS Freezes & Crash Reports",True,2017-11-04T06:19:00
177,twcs_10208,@SpotifyCares Auto-renew was turned off on my account yet I was still charged $14.99 yesterday morning. Please reverse.,@user_spot_105_211 Hello! Refunds typically take 3-5 business days depending on your bank. Send us a DM with your reference ID to check. -Carlos,"Account Login, Password & Security Access","Billing, Subscriptions & Refund Inquiries",True,2017-11-02T08:36:00
178,twcs_11586,@SpotifyCares Downloaded songs are greyed out and unplayable in offline mode on airplane flight.,"@user_spot_794_470 Hi! Premium allows downloading up to 10,000 tracks per device on up to 5 different devices! -Maya",Offline Playlists & Download Storage Management,Offline Playlists & Download Storage Management,True,2017-11-09T01:18:00
179,twcs_11272,@SpotifyCares How do I change my registered email address on Spotify without losing my saved songs and playlists?,@user_spot_637_572 Hi there! Deleted accounts can be restored within 7 days. Send us a private DM with your account details immediately! -Elena,Family & Student Plan Eligibility & Verification,"Account Login, Password & Security Access",True,2017-11-07T12:42:00
180,twcs_11556,@SpotifyCares I accidentally deleted my favorite playlist with 500 songs! Can I recover it?,@user_spot_779_495 Hi! Make sure both devices are connected to the exact same WiFi network and Local Files are enabled in Settings. -Liam,Product Feature Requests & UI Enhancements,Audio Streaming Quality & Playback Errors,True,2017-11-08T21:49:00
181,twcs_11504,@SpotifyCares Spotify says 'Storage is full' error even though my SD card has 256GB of free space.,"@user_spot_753_929 Hi! Premium allows downloading up to 10,000 tracks per device on up to 5 different devices! -Liam","Billing, Subscriptions & Refund Inquiries",Offline Playlists & Download Storage Management,True,2017-11-08T15:43:00
182,twcs_11734,@SpotifyCares My student discount expired yesterday. Can I re-verify my student status for another year?,"@user_spot_868_383 Hi! Log into spotify.com/account, select 'Manage members' under Duo/Family, and copy the new invite link to share. -Sarah",Family & Student Plan Eligibility & Verification,Family & Student Plan Eligibility & Verification,True,2017-11-09T18:33:00
183,twcs_10042,@SpotifyCares My subscription price jumped from $12.99 to $10.99 without advance notification on my billing statement.,@user_spot_22_216 Hey! We sent email notifications regarding updated pricing tiers in your region. DM us your username if you didn't receive it! -Kevin,Family & Student Plan Eligibility & Verification,"Billing, Subscriptions & Refund Inquiries",True,2017-11-01T13:09:00
184,twcs_10224,@SpotifyCares I was charged twice for my Spotify Family plan this month (€10.99 x 2). Can I get a refund for the duplicate transaction?,"@user_spot_113_398 Hello! Premium features stay active until the end of your prepaid billing period, with no further charges after that. -Ryan","Account Login, Password & Security Access",Family & Student Plan Eligibility & Verification,True,2017-11-02T10:31:00
185,twcs_10070,@SpotifyCares Can I get an official PDF invoice for business accounting and corporate expense filing?,"@user_spot_36_796 Hello! Premium features stay active until the end of your prepaid billing period, with no further charges after that. -Zoe",Offline Playlists & Download Storage Management,"Billing, Subscriptions & Refund Inquiries",True,2017-11-01T16:33:00
186,twcs_11470,@SpotifyCares Why do my downloaded podcasts automatically delete themselves after listening to them?,@user_spot_736_893 Hi! Make sure both devices are connected to the exact same WiFi network and Local Files are enabled in Settings. -Kevin,Family & Student Plan Eligibility & Verification,Offline Playlists & Download Storage Management,True,2017-11-08T11:49:00
187,twcs_11210,@SpotifyCares Can I merge two Spotify accounts (jordan_k and sam_spotify) into one without losing my playlists?,"@user_spot_606_885 Hey! Try disconnecting and reconnecting Facebook under spotify.com/account > Apps, or reset your password using your email. -Kevin",Family & Student Plan Eligibility & Verification,"Account Login, Password & Security Access",True,2017-11-07T05:31:00
188,twcs_10268,@SpotifyCares I updated my credit card details but my account is still showing payment past due and downgraded to Free.,"@user_spot_135_852 Hey! Please verify international transactions are enabled on your card, or try PayPal as a secondary billing method. -Zoe","Billing, Subscriptions & Refund Inquiries","Billing, Subscriptions & Refund Inquiries",True,2017-11-02T15:38:00
189,twcs_10840,@SpotifyCares Spotify Connect on my HomePod mini is constantly stuttering and pausing mid-song.,"@user_spot_421_589 Hey! Send us a DM with your speaker brand, router model, and Spotify app version so we can assist: https://spoti.fi/dm -Alex",Smart Speaker & External Device Connectivity,Smart Speaker & External Device Connectivity,True,2017-11-05T10:15:00
190,twcs_10606,@SpotifyCares App crashes immediately upon tapping the 'Your Library' tab on Android 14.,@user_spot_304_900 Hi! Disable 'Canvas' looping visuals under Settings > Playback to reduce background battery and CPU consumption. -Carlos,"App Stability, OS Freezes & Crash Reports","App Stability, OS Freezes & Crash Reports",True,2017-11-04T06:56:00
191,twcs_11658,@SpotifyCares Can family members on a plan see each other's private listening activity or liked songs?,@user_spot_830_755 Hey! All Family plan members must reside at the same physical residential address as the plan manager. -Emma,Family & Student Plan Eligibility & Verification,Family & Student Plan Eligibility & Verification,True,2017-11-09T09:49:00
192,twcs_10396,@SpotifyCares Audio crackling and popping sound distortion on high volume through AirPods Pro.,@user_spot_199_681 Hi! Check your phone's battery optimization settings and set Spotify to 'Unrestricted' background activity. -Chloe,Audio Streaming Quality & Playback Errors,Audio Streaming Quality & Playback Errors,True,2017-11-03T06:31:00
193,twcs_10572,@SpotifyCares Spotify keeps crashing on macOS Ventura upon launch. Crash log generated #CR-1108.,"@user_spot_287_123 Hey! Try clearing app storage and cache under Settings > Storage > Clear Cache, then restart your device. -Alex",Family & Student Plan Eligibility & Verification,"App Stability, OS Freezes & Crash Reports",True,2017-11-04T03:06:00
194,twcs_11716,@SpotifyCares Can family members on a plan see each other's private listening activity or liked songs?,@user_spot_859_522 Hey! Send us a DM with your account username so we can assist with Family/Student verification: https://spoti.fi/dm -Maya,Family & Student Plan Eligibility & Verification,Family & Student Plan Eligibility & Verification,True,2017-11-09T16:36:00
195,twcs_10844,@SpotifyCares Is there an official Spotify app for Apple Watch Series 7 with offline playback?,"@user_spot_423_279 Hey! Send us a DM with your speaker brand, router model, and Spotify app version so we can assist: https://spoti.fi/dm -Emma",Offline Playlists & Download Storage Management,Smart Speaker & External Device Connectivity,True,2017-11-05T10:43:00
196,twcs_10130,@SpotifyCares I was charged twice for my Spotify Family plan this month (€10.99 x 2). Can I get a refund for the duplicate transaction?,"@user_spot_66_632 Hey! Please verify international transactions are enabled on your card, or try PayPal as a secondary billing method. -Liam","Account Login, Password & Security Access",Family & Student Plan Eligibility & Verification,True,2017-11-01T23:31:00
197,twcs_11636,@SpotifyCares How many times can a college student renew the 50% off Student Premium discount?,@user_spot_819_895 Hi! Student verification is managed via SheerID. Check document submission guidelines here: https://spoti.fi/student -Chloe,Family & Student Plan Eligibility & Verification,Family & Student Plan Eligibility & Verification,True,2017-11-09T07:13:00
198,twcs_12076,@SpotifyCares How do I change my public username or display name on my Spotify artist/user profile?,@user_spot_1039_196 Hello! You can update your display name anytime from your profile page in the mobile or desktop app settings. -Zoe,Family & Student Plan Eligibility & Verification,"App Stability, OS Freezes & Crash Reports",True,2017-11-11T10:34:00
199,twcs_10222,@SpotifyCares I was charged twice for my Spotify Family plan this month ($12.99 x 2). Can I get a refund for the duplicate transaction?,@user_spot_112_290 Hey! We'd be glad to look into this charge. Send us a DM with your account email and we'll sort out the refund: https://spoti.fi/dm -Maya,"Account Login, Password & Security Access",Family & Student Plan Eligibility & Verification,True,2017-11-02T10:14:00
200,twcs_10028,@SpotifyCares I was charged twice for my Spotify Family plan this month ($14.99 x 2). Can I get a refund for the duplicate transaction?,@user_spot_15_330 Hello! We'd be happy to investigate this. Send us a private DM with your registered email and we'll check your billing status: https://spoti.fi/dm -Kevin,"Account Login, Password & Security Access",Family & Student Plan Eligibility & Verification,True,2017-11-01T11:40:00
